지점,지점명,일시,기온(°C),강수량(mm),풍속(m/s),풍향(16방위),해면기압(hPa),전운량(10분위)
108,서울,2026-04-01 0:00,12.4,,2.3,50,1013.4,5
108,서울,2026-04-01 1:00,12,,2.5,50,1013.4,8
108,서울,2026-04-01 2:00,11.6,,2.5,50,1013.6,0
108,서울,2026-04-01 3:00,11.6,,2.4,50,1013.6,7
108,서울,2026-04-01 4:00,11.3,,1.7,70,1013.5,4
108,서울,2026-04-01 5:00,11,,3,50,1013.3,3
108,서울,2026-04-01 6:00,10.6,,2.3,50,1013.6,6
108,서울,2026-04-01 7:00,11,,2.6,50,1013.9,9
108,서울,2026-04-01 8:00,12.2,,2.1,50,1014.1,8
108,서울,2026-04-01 9:00,13.9,,2.2,50,1013.9,9
108,서울,2026-04-01 10:00,15.8,,1.5,50,1013.5,9
108,서울,2026-04-01 11:00,16.8,,1.1,70,1013.1,9
108,서울,2026-04-01 12:00,16.7,,1.1,290,1013.1,9
108,서울,2026-04-01 13:00,16.8,,2.3,250,1012.7,10
108,서울,2026-04-01 14:00,17.5,,2.9,270,1012,9
108,서울,2026-04-01 15:00,17.3,,4.1,270,1011.7,9
108,서울,2026-04-01 16:00,17,,4.2,250,1011.4,10
108,서울,2026-04-01 17:00,16.1,,3.7,270,1011.5,8
108,서울,2026-04-01 18:00,15.1,,2.5,250,1011.9,7
108,서울,2026-04-01 19:00,13.6,,2.5,270,1012.3,5
108,서울,2026-04-01 20:00,12.1,,3.7,270,1012.8,3
108,서울,2026-04-01 21:00,11.6,,2.9,250,1013.1,3
108,서울,2026-04-01 22:00,10.9,,2.9,250,1013.5,0
108,서울,2026-04-01 23:00,10.1,,2.1,250,1013.6,0
108,서울,2026-04-02 0:00,9.3,,2.2,250,1013.6,0
108,서울,2026-04-02 1:00,8.5,,1.8,250,1013.6,0
108,서울,2026-04-02 2:00,8.1,,1.5,270,1013.9,0
108,서울,2026-04-02 3:00,7.6,,1.8,250,1013.9,0
108,서울,2026-04-02 4:00,7.3,,1.6,270,1013.9,0
108,서울,2026-04-02 5:00,6.8,,0.8,250,1014.2,0
108,서울,2026-04-02 6:00,6.7,,1.3,250,1014.8,0
108,서울,2026-04-02 7:00,6.6,,1.3,250,1015.5,0
108,서울,2026-04-02 8:00,8,,1.6,140,1015.7,0
108,서울,2026-04-02 9:00,10.1,,2.4,200,1016.1,0
108,서울,2026-04-02 10:00,12.1,,2.4,230,1016.2,0
108,서울,2026-04-02 11:00,13.8,,2.7,230,1016.4,0
108,서울,2026-04-02 12:00,15.6,,3.2,160,1015.6,0
108,서울,2026-04-02 13:00,16.8,,2.8,200,1014.8,0
108,서울,2026-04-02 14:00,17.8,,4,230,1014.2,0
108,서울,2026-04-02 15:00,17.4,,5.4,230,1013.8,0
108,서울,2026-04-02 16:00,16.8,,5.3,250,1013.5,0
108,서울,2026-04-02 17:00,16.3,,3.7,250,1013.9,0
108,서울,2026-04-02 18:00,14.9,,2.5,230,1014.5,0
108,서울,2026-04-02 19:00,12.7,,4.3,230,1015.6,0
108,서울,2026-04-02 20:00,11.5,,3.4,250,1016.5,0
108,서울,2026-04-02 21:00,10.8,,2.3,270,1017.3,0
108,서울,2026-04-02 22:00,10.1,,2.1,270,1017.7,0
108,서울,2026-04-02 23:00,9.6,,2.6,200,1017.9,0
108,서울,2026-04-03 0:00,9.3,,1.2,290,1017.5,0
108,서울,2026-04-03 1:00,8.7,,2.3,270,1018,0
108,서울,2026-04-03 2:00,8,,2.5,250,1018,6
108,서울,2026-04-03 3:00,7.7,,1.9,270,1017.9,3
108,서울,2026-04-03 4:00,7.4,,0.9,250,1017.7,7
108,서울,2026-04-03 5:00,7.3,,1.2,340,1017.3,7
108,서울,2026-04-03 6:00,7.5,,0.9,90,1016.9,8
108,서울,2026-04-03 7:00,7.5,,2,50,1016.9,6
108,서울,2026-04-03 8:00,9.1,,1.8,50,1016.9,5
108,서울,2026-04-03 9:00,11.3,,1.3,110,1016.5,6
108,서울,2026-04-03 10:00,13.8,,1.8,70,1016.4,6
108,서울,2026-04-03 11:00,16.3,,2.3,70,1015.6,7
108,서울,2026-04-03 12:00,18.3,,1.5,140,1014.7,8
108,서울,2026-04-03 13:00,19.5,,2.5,180,1013.6,7
108,서울,2026-04-03 14:00,20.6,,3.2,180,1012.8,8
108,서울,2026-04-03 15:00,22.1,,3,230,1011.2,7
108,서울,2026-04-03 16:00,21.9,,3.6,230,1010.8,8
108,서울,2026-04-03 17:00,20.7,,4.3,230,1010.1,8
108,서울,2026-04-03 18:00,19.6,,2.8,230,1009.8,8
108,서울,2026-04-03 19:00,17.8,,3.6,270,1009.8,6
108,서울,2026-04-03 20:00,16.5,,0.2,0,1010,10
108,서울,2026-04-03 21:00,16,,3.1,250,1010.4,9
108,서울,2026-04-03 22:00,15.7,,2.5,250,1009.8,10
108,서울,2026-04-03 23:00,15.3,,2.3,250,1009,10
108,서울,2026-04-04 0:00,15,,2,250,1008.5,10
108,서울,2026-04-04 1:00,14.7,0,2.3,180,1007.9,10
108,서울,2026-04-04 2:00,14.3,0,3,140,1006.5,10
108,서울,2026-04-04 3:00,13.8,0,3.2,140,1005.4,10
108,서울,2026-04-04 4:00,13.5,0,1.6,90,1004.6,10
108,서울,2026-04-04 5:00,13.3,0,2.1,110,1003.2,10
108,서울,2026-04-04 6:00,13,0,3.2,70,1001.9,10
108,서울,2026-04-04 7:00,12.8,0,3.2,50,1001.5,10
108,서울,2026-04-04 8:00,12.9,0,3.1,70,1001.1,9
108,서울,2026-04-04 9:00,13.8,,2.3,70,1000.6,9
108,서울,2026-04-04 10:00,15.5,,1.9,70,1000.4,8
108,서울,2026-04-04 11:00,17.2,,1.3,20,999.9,8
108,서울,2026-04-04 12:00,18.9,,2.3,200,999.1,0
108,서울,2026-04-04 13:00,20,,3.9,250,998.6,5
108,서울,2026-04-04 14:00,20.7,,4.4,230,998.4,5
108,서울,2026-04-04 15:00,19.4,,5.8,270,998.7,7
108,서울,2026-04-04 16:00,19.4,,4.7,230,999.1,2
108,서울,2026-04-04 17:00,17.4,,4.6,230,1000,2
108,서울,2026-04-04 18:00,16.1,,4,230,1000.8,3
108,서울,2026-04-04 19:00,14,,4.1,200,1001.4,0
108,서울,2026-04-04 20:00,11.7,,3,200,1002.9,0
108,서울,2026-04-04 21:00,10.5,,2.9,250,1004.3,5
108,서울,2026-04-04 22:00,9.6,,2.6,200,1005.8,4
108,서울,2026-04-04 23:00,9.2,,2.9,200,1006.9,5
108,서울,2026-04-05 0:00,8.5,,4.5,180,1008.2,9
108,서울,2026-04-05 1:00,8.3,,2.8,230,1009.1,9
108,서울,2026-04-05 2:00,8,,3.3,180,1009.2,9
108,서울,2026-04-05 3:00,7.8,,2.1,180,1009.1,9
108,서울,2026-04-05 4:00,7.6,,2.3,230,1009.4,9
108,서울,2026-04-05 5:00,7.3,,2.4,200,1009.4,9
108,서울,2026-04-05 6:00,7.3,,2.3,180,1009.4,9
108,서울,2026-04-05 7:00,7.4,,1.3,180,1009.3,9
108,서울,2026-04-05 8:00,8,,2.8,160,1009.5,8
108,서울,2026-04-05 9:00,8.8,,2.7,180,1010,9
108,서울,2026-04-05 10:00,10,,2.3,180,1010,7
108,서울,2026-04-05 11:00,12.1,,1.1,180,1010.2,8
108,서울,2026-04-05 12:00,13,,2.2,180,1009.5,8
108,서울,2026-04-05 13:00,14.4,,1.5,230,1008.7,7
108,서울,2026-04-05 14:00,15.6,,1.8,250,1008.2,0
108,서울,2026-04-05 15:00,16.7,,2.1,200,1007.9,0
108,서울,2026-04-05 16:00,17,,3.2,200,1007.6,0
108,서울,2026-04-05 17:00,16.9,,2.3,250,1007.3,0
108,서울,2026-04-05 18:00,16,,2.3,250,1007.1,0
108,서울,2026-04-05 19:00,14.4,,3,250,1007.6,6
108,서울,2026-04-05 20:00,13.5,,2.5,270,1008.4,10
108,서울,2026-04-05 21:00,12.8,0,1.2,340,1009,10
108,서울,2026-04-05 22:00,12.3,0.1,1.1,90,1009,10
108,서울,2026-04-05 23:00,9.7,1.7,2.4,160,1009.5,10
108,서울,2026-04-06 0:00,9.7,0.3,2.3,200,1010.8,9
108,서울,2026-04-06 1:00,9.6,,1.4,160,1010.7,9
108,서울,2026-04-06 2:00,9.7,,1.1,70,1010.7,8
108,서울,2026-04-06 3:00,9.9,,0.8,140,1010.5,8
108,서울,2026-04-06 4:00,10,,1.6,340,1010.5,8
108,서울,2026-04-06 5:00,10.1,,2.2,50,1009.8,9
108,서울,2026-04-06 6:00,10.3,0,3.4,200,1012.3,10
108,서울,2026-04-06 7:00,10.2,0.1,2.3,20,1009.8,9
108,서울,2026-04-06 8:00,10.5,0,1.2,270,1010.5,10
108,서울,2026-04-06 9:00,10.8,0,2.3,340,1011,10
108,서울,2026-04-06 10:00,10.7,0.1,2.6,340,1011.4,10
108,서울,2026-04-06 11:00,9.8,0.4,0.8,250,1011.1,10
108,서울,2026-04-06 12:00,10.2,0.6,0.5,230,1011.2,10
108,서울,2026-04-06 13:00,10.9,0,3.1,270,1010.8,10
108,서울,2026-04-06 14:00,11.7,0,3.6,270,1010.5,8
108,서울,2026-04-06 15:00,12.2,0,2.5,270,1009.6,8
108,서울,2026-04-06 16:00,13.2,0,2.3,270,1009.4,8
108,서울,2026-04-06 17:00,13.9,,3.1,270,1009.1,4
108,서울,2026-04-06 18:00,13.5,,3.4,250,1009.2,0
108,서울,2026-04-06 19:00,11.8,,3.5,250,1010.3,0
108,서울,2026-04-06 20:00,10.3,,4.2,270,1011.5,0
108,서울,2026-04-06 21:00,9.1,,3.1,290,1013.1,0
108,서울,2026-04-06 22:00,7.5,,2.6,360,1013.9,0
108,서울,2026-04-06 23:00,6.3,,0.9,320,1014.2,0
108,서울,2026-04-07 0:00,5.5,,1.7,270,1014.6,0
108,서울,2026-04-07 1:00,5.5,,1.5,290,1015.1,0
108,서울,2026-04-07 2:00,4.8,,0.8,320,1015,0
108,서울,2026-04-07 3:00,4.4,,1.7,320,1014.8,0
108,서울,2026-04-07 4:00,3.9,,1.8,290,1015.1,0
108,서울,2026-04-07 5:00,3.6,,2,270,1015.1,0
108,서울,2026-04-07 6:00,3.4,,1.7,290,1015.8,0
108,서울,2026-04-07 7:00,3.5,,1.4,290,1016.7,0
108,서울,2026-04-07 8:00,5,,1.9,290,1017.3,0
108,서울,2026-04-07 9:00,7.2,,2.3,270,1017.2,0
108,서울,2026-04-07 10:00,9.1,,3.2,320,1017.1,0
108,서울,2026-04-07 11:00,10.3,,3.9,270,1017.2,0
108,서울,2026-04-07 12:00,10.7,,5.2,320,1016.7,0
108,서울,2026-04-07 13:00,12.2,,4.4,290,1016,0
108,서울,2026-04-07 14:00,12.9,,4.9,270,1015.9,0
108,서울,2026-04-07 15:00,13.7,,4.3,230,1015.5,0
108,서울,2026-04-07 16:00,13.1,,4.8,200,1015.7,0
108,서울,2026-04-07 17:00,12.9,,3.4,200,1016,0
108,서울,2026-04-07 18:00,11.6,,3.3,200,1016.4,0
108,서울,2026-04-07 19:00,9.8,,4.1,200,1017.1,0
108,서울,2026-04-07 20:00,8.5,,3.6,200,1017.9,0
108,서울,2026-04-07 21:00,7.8,,2.6,200,1018.7,0
108,서울,2026-04-07 22:00,7.3,,1.7,230,1019.3,0
108,서울,2026-04-07 23:00,6.8,,1.7,180,1019.7,0
108,서울,2026-04-08 0:00,6.4,,2,180,1019.9,0
108,서울,2026-04-08 1:00,5.8,,1.4,160,1019.9,0
108,서울,2026-04-08 2:00,5.3,,1.5,250,1020.2,0
108,서울,2026-04-08 3:00,5.2,,1.9,250,1020.4,0
108,서울,2026-04-08 4:00,4.7,,0.6,290,1020.5,0
108,서울,2026-04-08 5:00,4.2,,0.3,0,1020.4,0
108,서울,2026-04-08 6:00,3.9,,0.9,360,1020.8,0
108,서울,2026-04-08 7:00,3.6,,2.1,50,1020.9,0
108,서울,2026-04-08 8:00,6,,1.6,50,1021.3,0
108,서울,2026-04-08 9:00,8.3,,1.6,160,1021.1,0
108,서울,2026-04-08 10:00,10,,2,200,1020.9,0
108,서울,2026-04-08 11:00,12,,2.2,180,1020.6,0
108,서울,2026-04-08 12:00,13.6,,2.5,250,1019.8,0
108,서울,2026-04-08 13:00,14.4,,3.3,200,1019.4,0
108,서울,2026-04-08 14:00,15.6,,3.3,200,1018.6,0
108,서울,2026-04-08 15:00,16.5,,2.8,250,1017.6,0
108,서울,2026-04-08 16:00,16.4,,2.6,270,1017.2,0
108,서울,2026-04-08 17:00,15.9,,3,270,1016.9,0
108,서울,2026-04-08 18:00,15.1,,2.8,270,1016.7,0
108,서울,2026-04-08 19:00,13.2,,2.9,270,1016.3,0
108,서울,2026-04-08 20:00,11.8,,2,250,1016.6,2
108,서울,2026-04-08 21:00,10.8,,1.5,270,1017.4,0
108,서울,2026-04-08 22:00,10,,0.3,0,1017.1,6
108,서울,2026-04-08 23:00,9.5,,0.5,290,1016.6,6
108,서울,2026-04-09 0:00,8.9,,0.6,200,1016.3,8
108,서울,2026-04-09 1:00,8.8,,0.6,20,1016,8
108,서울,2026-04-09 2:00,8.8,,0.6,110,1015.6,10
108,서울,2026-04-09 3:00,9.3,,0.8,50,1015.1,10
108,서울,2026-04-09 4:00,9.2,,0.8,50,1014.6,10
108,서울,2026-04-09 5:00,9.2,,2,20,1013.7,10
108,서울,2026-04-09 6:00,9.3,,2.5,50,1013.3,10
108,서울,2026-04-09 7:00,9.7,,1.7,50,1014,10
108,서울,2026-04-09 8:00,10.6,,2.4,50,1012.9,10
108,서울,2026-04-09 9:00,11.3,0,2.9,50,1012.4,10
108,서울,2026-04-09 10:00,11.2,0.1,2.4,70,1011.7,10
108,서울,2026-04-09 11:00,11.8,0,3.2,50,1009.7,10
108,서울,2026-04-09 12:00,10.8,0.5,4.5,50,1007.6,10
108,서울,2026-04-09 13:00,9.8,2.5,4.7,50,1006.1,10
108,서울,2026-04-09 14:00,9.4,3.6,5.2,70,1004.1,10
108,서울,2026-04-09 15:00,9.6,2.1,5.5,50,1002.3,10
108,서울,2026-04-09 16:00,10,1.4,5.4,50,1000.3,10
108,서울,2026-04-09 17:00,10.4,1.5,5.1,50,999.8,10
108,서울,2026-04-09 18:00,10.8,1.2,5.3,50,998.6,10
108,서울,2026-04-09 19:00,11.1,0.7,4,70,998,10
108,서울,2026-04-09 20:00,11.4,0.6,3.5,70,997.9,10
108,서울,2026-04-09 21:00,11.7,0.8,3,70,997.6,10
108,서울,2026-04-09 22:00,12,1.5,1.9,90,997.7,10
108,서울,2026-04-09 23:00,12.2,1.3,1.8,70,997.6,10
108,서울,2026-04-10 0:00,12.3,1.1,0.6,50,997.2,10
108,서울,2026-04-10 1:00,12.7,1,3,180,997.5,10
108,서울,2026-04-10 2:00,12.4,0.4,2.6,200,996.7,10
108,서울,2026-04-10 3:00,12.1,0.5,2.9,180,997.3,10
108,서울,2026-04-10 4:00,11.7,0.6,3.2,180,997.1,10
108,서울,2026-04-10 5:00,11.4,0.3,3.7,230,997.2,10
108,서울,2026-04-10 6:00,10.8,0.4,3.2,200,997.9,10
108,서울,2026-04-10 7:00,10.2,0.1,2.5,230,998.5,10
108,서울,2026-04-10 8:00,10,0.8,3.2,200,999.7,10
108,서울,2026-04-10 9:00,10.1,0.3,2.9,200,1000.4,10
108,서울,2026-04-10 10:00,10.2,0.4,2.8,230,1001,10
108,서울,2026-04-10 11:00,9.7,0.2,3.9,230,1002.2,10
108,서울,2026-04-10 12:00,9.6,0.1,3.2,200,1002.6,10
108,서울,2026-04-10 13:00,9.7,,3.5,200,1002.8,10
108,서울,2026-04-10 14:00,10.1,,4.3,230,1003.1,10
108,서울,2026-04-10 15:00,10.9,,3.9,230,1002.8,9
108,서울,2026-04-10 16:00,11.1,,3.8,230,1003.1,9
108,서울,2026-04-10 17:00,10.9,,4.6,200,1003.5,9
108,서울,2026-04-10 18:00,10.6,,4,200,1004,9
108,서울,2026-04-10 19:00,9.9,,4.2,250,1005.4,9
108,서울,2026-04-10 20:00,9.8,,3.5,250,1006.6,9
108,서울,2026-04-10 21:00,9.8,,3,230,1007.7,9
108,서울,2026-04-10 22:00,9.7,,2.9,230,1008.6,9
108,서울,2026-04-10 23:00,9,,3.8,270,1009.2,9
108,서울,2026-04-11 0:00,8.8,,2.4,230,1009.3,9
108,서울,2026-04-11 1:00,8.8,,2.8,250,1010,9
108,서울,2026-04-11 2:00,8.6,0,2.1,180,1010.1,10
108,서울,2026-04-11 3:00,8.4,0,2.6,230,1010.8,10
108,서울,2026-04-11 4:00,8.4,,2.5,200,1010.4,10
108,서울,2026-04-11 5:00,8.3,,3.6,230,1011.3,10
108,서울,2026-04-11 6:00,8.3,,2.3,200,1011.5,10
108,서울,2026-04-11 7:00,8.3,,1.5,250,1012.3,10
108,서울,2026-04-11 8:00,8.5,,1.8,250,1012.7,10
108,서울,2026-04-11 9:00,9.2,,2.9,250,1012.8,10
108,서울,2026-04-11 10:00,10,,1.7,270,1012.8,10
108,서울,2026-04-11 11:00,11.3,,2.8,230,1012.9,10
108,서울,2026-04-11 12:00,11.9,,2.5,180,1012.7,10
108,서울,2026-04-11 13:00,14.4,,3.4,230,1012.5,6
108,서울,2026-04-11 14:00,15.1,,4.4,250,1012.4,3
108,서울,2026-04-11 15:00,15.7,,2.9,250,1012.2,0
108,서울,2026-04-11 16:00,15.8,,3.7,230,1012.2,0
108,서울,2026-04-11 17:00,15.4,,4.7,230,1012.5,1
108,서울,2026-04-11 18:00,14.6,,4,270,1012.4,1
108,서울,2026-04-11 19:00,12.9,,2.8,270,1012.9,3
108,서울,2026-04-11 20:00,11.5,,2,270,1014,5
108,서울,2026-04-11 21:00,10.3,,2.9,270,1014.6,8
108,서울,2026-04-11 22:00,9.8,,2.3,200,1014.7,8
108,서울,2026-04-11 23:00,9.2,,2.6,230,1015.6,8
108,서울,2026-04-12 0:00,8.7,,2.1,270,1015.7,8
108,서울,2026-04-12 1:00,8.4,,2.3,230,1016.7,6
108,서울,2026-04-12 2:00,7.8,,1.1,270,1017,5
108,서울,2026-04-12 3:00,7.4,,0.6,340,1016.7,4
108,서울,2026-04-12 4:00,7,,1.2,20,1017,1
108,서울,2026-04-12 5:00,6.7,,0.2,0,1016.9,0
108,서울,2026-04-12 6:00,6.3,,1.8,50,1016.6,0
108,서울,2026-04-12 7:00,6.4,,1.9,50,1017,0
108,서울,2026-04-12 8:00,8.7,,2.6,70,1017,3
108,서울,2026-04-12 9:00,11.2,,2.7,50,1017,0
108,서울,2026-04-12 10:00,14.1,,1.7,70,1016.7,0
108,서울,2026-04-12 11:00,16.2,,1.4,50,1016.5,3
108,서울,2026-04-12 12:00,18.8,,1.4,160,1016,2
108,서울,2026-04-12 13:00,20.5,,2.3,180,1015.6,8
108,서울,2026-04-12 14:00,21.8,,2.1,230,1014.4,8
108,서울,2026-04-12 15:00,22.6,,3.2,270,1013.6,8
108,서울,2026-04-12 16:00,23.7,,2.2,270,1012.8,8
108,서울,2026-04-12 17:00,23.2,,2.3,230,1013,8
108,서울,2026-04-12 18:00,21.8,,2.4,270,1013,8
108,서울,2026-04-12 19:00,19.9,,2.6,270,1013.8,8
108,서울,2026-04-12 20:00,18,,2.7,270,1014.6,8
108,서울,2026-04-12 21:00,16.8,,1.6,250,1015.6,4
108,서울,2026-04-12 22:00,15.8,,2.1,270,1016,6
108,서울,2026-04-12 23:00,14.9,,3,250,1016.3,6
