If the data provided by the Korea Oceanographic Data Center (KODC) are used in academic papers or publications, please clearly cite the source.
한국해양자료센터의 자료를 통해 도출된 학술 논문 및 저서에 사용 출처를 명확히 밝혀 주시면 감사하겠습니다.
Acknowledgment
This study used publicly available data from Korea Oceanographic Data Center, KODC, which can be accessed at https://www.nifs.go.kr/kodc/eng/index.kodc.
감사의 글
본 연구는 한국해양자료센터(KODC)의 공개 데이터를 사용하였으며, 해당 자료는 https://www.nifs.go.kr/kodc/eng/index.kodc에서 열람할 수 있습니다.

해역,정선,정점,정선-정점,위도,경도,관측일시(KST),관측수심(m),수온(°C),염분(psu),용존산소(ml/L),인산염인(μmol/L),아질산질소(μmol/L),질산질소(μmol/L),규산규소(μmol/L),pH,투명도(m),기압(hPa),조사선
동해,102,07,102-07,36.0767,130,2025-10-29,0,22.81,33.31,4.77,0.10,0.34,2.08,3.84,1.57,,,1027.00,탐구3호
동해,102,07,102-07,36.0767,130,2025-10-29,10,22.82,33.31,4.74,,,,,,,,1027.00,탐구3호
동해,102,07,102-07,36.0767,130,2025-10-29,20,22.82,33.31,4.76,0.09,0.33,1.75,3.79,1.79,,,1027.00,탐구3호
동해,102,07,102-07,36.0767,130,2025-10-29,30,22.88,33.34,4.75,,,,,,,,1027.00,탐구3호
동해,102,07,102-07,36.0767,130,2025-10-29,50,16.74,34.06,3.18,0.86,0.10,14.47,19.99,0.19,,,1027.00,탐구3호
동해,102,07,102-07,36.0767,130,2025-10-29,75,11.82,34.26,3.53,,,,,,,,1027.00,탐구3호
동해,102,07,102-07,36.0767,130,2025-10-29,100,7.15,34.17,5.34,0.97,0.06,15.53,18.01,0.04,,,1027.00,탐구3호
동해,102,07,102-07,36.0767,130,2025-10-29,125,3.60,34.06,5.71,,,,,,,,1027.00,탐구3호
동해,102,07,102-07,36.0767,130,2025-10-29,150,2.52,34.04,5.68,,,,,,,,1027.00,탐구3호
동해,102,07,102-07,36.0767,130,2025-10-29,200,1.68,34.05,5.61,,,,,,,,1027.00,탐구3호
동해,102,07,102-07,36.0767,130,2025-10-29,250,1.31,34.06,5.38,,,,,,,,1027.00,탐구3호
동해,102,07,102-07,36.0767,130,2025-10-29,300,1.07,34.06,5.16,,,,,,,,1027.00,탐구3호
동해,102,07,102-07,36.0767,130,2025-10-29,400,0.81,34.07,4.93,,,,,,,,1027.00,탐구3호
동해,102,07,102-07,36.0767,130,2025-10-29,500,0.67,34.07,4.61,,,,,,,,1027.00,탐구3호
동해,102,07,102-07,36.0767,130,2025-12-20,0,18.13,34.06,5.52,0.41,0.92,5.14,4.70,0.51,,,,탐구3호
동해,102,07,102-07,36.0767,130,2025-12-20,10,18.14,34.27,,,,,,,,,,탐구3호
동해,102,07,102-07,36.0767,130,2025-12-20,20,18.14,34.27,5.10,0.41,0.93,5.39,4.86,0.56,,,,탐구3호
동해,102,07,102-07,36.0767,130,2025-12-20,30,18.14,34.27,,,,,,,,,,탐구3호
동해,102,07,102-07,36.0767,130,2025-12-20,50,18.13,34.27,5.01,0.44,0.96,4.49,5.14,0.54,,,,탐구3호
동해,102,07,102-07,36.0767,130,2025-12-20,75,17.67,34.24,,,,,,,,,,탐구3호
동해,102,07,102-07,36.0767,130,2025-12-20,100,16.24,34.09,5.24,0.48,0.87,5.46,7.05,0.49,,,,탐구3호
동해,102,07,102-07,36.0767,130,2025-12-20,125,13.23,34.34,,,,,,,,,,탐구3호
동해,102,07,102-07,36.0767,130,2025-12-20,150,8.07,34.16,,,,,,,,,,탐구3호
동해,102,07,102-07,36.0767,130,2025-12-20,200,1.87,34.07,,,,,,,,,,탐구3호
동해,102,07,102-07,36.0767,130,2025-12-20,250,1.34,34.06,,,,,,,,,,탐구3호
동해,102,07,102-07,36.0767,130,2025-12-20,300,1.01,34.06,,,,,,,,,,탐구3호
동해,102,07,102-07,36.0767,130,2025-12-20,400,0.73,34.07,,,,,,,,,,탐구3호
동해,102,07,102-07,36.0767,130,2025-12-20,500,0.64,34.07,,,,,,,,,,탐구3호
동해,102,07,102-07,36.0767,130,2026-02-10,0,13.18,34.39,,,,,,,,,,
동해,102,07,102-07,36.0767,130,2026-02-10,10,13.18,34.39,,,,,,,,,,
동해,102,07,102-07,36.0767,130,2026-02-10,20,13.19,34.39,,,,,,,,,,
동해,102,07,102-07,36.0767,130,2026-02-10,30,13.16,34.39,,,,,,,,,,
동해,102,07,102-07,36.0767,130,2026-02-10,50,13.01,34.38,,,,,,,,,,
동해,102,07,102-07,36.0767,130,2026-02-10,75,12.01,34.25,,,,,,,,,,
동해,102,07,102-07,36.0767,130,2026-02-10,100,8.65,34.22,,,,,,,,,,
동해,102,07,102-07,36.0767,130,2026-02-10,125,5.68,34.10,,,,,,,,,,
동해,102,07,102-07,36.0767,130,2026-02-10,150,3.32,34.04,,,,,,,,,,
동해,102,07,102-07,36.0767,130,2026-02-10,200,1.87,34.05,,,,,,,,,,
동해,102,07,102-07,36.0767,130,2026-02-10,250,1.35,34.05,,,,,,,,,,
동해,102,07,102-07,36.0767,130,2026-02-10,300,1.09,34.05,,,,,,,,,,
동해,102,07,102-07,36.0767,130,2026-02-10,400,0.82,34.06,,,,,,,,,,
동해,102,07,102-07,36.0767,130,2026-02-10,500,0.69,34.06,,,,,,,,,,
동해,102,07,102-07,36.0767,130,2026-04-26,0,16.97,34.56,,,,,,,,,,
동해,102,07,102-07,36.0767,130,2026-04-26,10,16.97,34.56,,,,,,,,,,
동해,102,07,102-07,36.0767,130,2026-04-26,20,16.92,34.56,,,,,,,,,,
동해,102,07,102-07,36.0767,130,2026-04-26,30,16.75,34.55,,,,,,,,,,
동해,102,07,102-07,36.0767,130,2026-04-26,50,16.66,34.54,,,,,,,,,,
동해,102,07,102-07,36.0767,130,2026-04-26,75,15.88,34.47,,,,,,,,,,
동해,102,07,102-07,36.0767,130,2026-04-26,100,13.69,34.19,,,,,,,,,,
동해,102,07,102-07,36.0767,130,2026-04-26,125,7.87,34.24,,,,,,,,,,
동해,102,07,102-07,36.0767,130,2026-04-26,150,2.76,34.07,,,,,,,,,,
동해,102,07,102-07,36.0767,130,2026-04-26,200,1.60,34.04,,,,,,,,,,
동해,102,07,102-07,36.0767,130,2026-04-26,250,1.23,34.05,,,,,,,,,,
동해,102,07,102-07,36.0767,130,2026-04-26,300,1.03,34.05,,,,,,,,,,
동해,102,07,102-07,36.0767,130,2026-04-26,400,0.80,34.05,,,,,,,,,,
동해,102,07,102-07,36.0767,130,2026-04-26,500,0.65,34.06,,,,,,,,,,
동해,102,07,102-07,36.0767,130,2026-06-26,0,21.86,33.82,,,,,,,,,,
동해,102,07,102-07,36.0767,130,2026-06-26,10,21.86,33.82,,,,,,,,,,
동해,102,07,102-07,36.0767,130,2026-06-26,20,21.60,33.82,,,,,,,,,,
동해,102,07,102-07,36.0767,130,2026-06-26,30,18.17,34.05,,,,,,,,,,
동해,102,07,102-07,36.0767,130,2026-06-26,50,16.90,34.26,,,,,,,,,,
동해,102,07,102-07,36.0767,130,2026-06-26,75,16.09,34.36,,,,,,,,,,
동해,102,07,102-07,36.0767,130,2026-06-26,100,14.58,34.41,,,,,,,,,,
동해,102,07,102-07,36.0767,130,2026-06-26,125,11.34,34.34,,,,,,,,,,
동해,102,07,102-07,36.0767,130,2026-06-26,150,5.14,34.14,,,,,,,,,,
동해,102,07,102-07,36.0767,130,2026-06-26,200,1.75,34.05,,,,,,,,,,
동해,102,07,102-07,36.0767,130,2026-06-26,250,1.31,34.06,,,,,,,,,,
동해,102,07,102-07,36.0767,130,2026-06-26,300,1.08,34.06,,,,,,,,,,
동해,102,07,102-07,36.0767,130,2026-06-26,400,0.80,34.07,,,,,,,,,,
동해,102,07,102-07,36.0767,130,2026-06-26,500,0.67,34.07,,,,,,,,,,
동해,102,07,102-07,36.0767,130,2026-08-30,0,29.31,30.39,,,,,,,,,,
동해,102,07,102-07,36.0767,130,2026-08-30,10,27.79,31.58,,,,,,,,,,
동해,102,07,102-07,36.0767,130,2026-08-30,20,20.93,31.98,,,,,,,,,,
동해,102,07,102-07,36.0767,130,2026-08-30,30,19.22,32.55,,,,,,,,,,
동해,102,07,102-07,36.0767,130,2026-08-30,50,17.14,33.70,,,,,,,,,,
동해,102,07,102-07,36.0767,130,2026-08-30,75,15.88,34.20,,,,,,,,,,
동해,102,07,102-07,36.0767,130,2026-08-30,100,14.64,34.34,,,,,,,,,,
동해,102,07,102-07,36.0767,130,2026-08-30,125,5.52,34.17,,,,,,,,,,
동해,102,07,102-07,36.0767,130,2026-08-30,150,3.16,34.07,,,,,,,,,,
동해,102,07,102-07,36.0767,130,2026-08-30,200,1.78,34.05,,,,,,,,,,
동해,102,07,102-07,36.0767,130,2026-08-30,250,1.34,34.05,,,,,,,,,,
동해,102,07,102-07,36.0767,130,2026-08-30,300,1.12,34.05,,,,,,,,,,
동해,102,07,102-07,36.0767,130,2026-08-30,400,0.85,34.06,,,,,,,,,,
동해,102,07,102-07,36.0767,130,2026-08-30,500,0.70,34.06,,,,,,,,,,
