일시,,위도(N),경도(E),중심기압,초속(m/s),시속(km/h),강풍반경(km)[예외반경],강도,크기,진행방향,이동속도(km/h),70% 확률 반경(km)
2026년 05월 27일 09시,0,8.7,137.3,1002,18,65,250,1,소형,북,18,null
2026년 05월 27일 09시,12,10.4,136.6,998,19,68,280,1,소형,북북서,18,40
2026년 05월 27일 09시,24,12.1,135.6,996,20,72,300,1,중형,북북서,18,80
2026년 05월 27일 09시,36,13.6,134.5,990,24,86,320,1,중형,북서,17,110
2026년 05월 27일 09시,48,15.1,133.6,985,27,97,330,2,중형,북북서,15,130
2026년 05월 27일 09시,72,17.2,131.2,975,32,115,350,2,중형,북서,15,190
2026년 05월 27일 09시,96,20.6,129,965,37,133,370,3,중형,북북서,18,290
2026년 05월 27일 09시,120,23.1,127.9,960,39,140,400,3,중형,북북서,12,440
2026년 05월 27일 15시,0,9.4,137,1000,18,65,270,1,소형,서북서,15,null
2026년 05월 27일 15시,12,11.7,136.4,996,20,72,290,1,소형,북북서,22,40
2026년 05월 27일 15시,24,12.9,135.8,990,24,86,310,1,중형,북북서,12,80
2026년 05월 27일 15시,36,14.8,134.4,985,27,97,330,2,중형,북서,22,110
2026년 05월 27일 15시,48,15.7,133.4,980,29,104,340,2,중형,북서,12,130
2026년 05월 27일 15시,72,18,130.6,970,35,126,360,3,중형,북서,16,190
2026년 05월 27일 15시,96,21.4,129.3,960,39,140,380,3,중형,북북서,17,290
2026년 05월 27일 15시,120,25,128.7,955,40,144,410,3,중형,북,17,440
2026년 05월 27일 21시,0,9.9,136.5,1000,18,65,270,1,소형,북서,23,null
2026년 05월 27일 21시,12,12.2,136,994,21,76,300,1,중형,북북서,22,40
2026년 05월 27일 21시,24,13.8,135.3,985,27,97,320,2,중형,북북서,16,80
2026년 05월 27일 21시,36,15,134.1,980,29,104,340,2,중형,북서,16,110
2026년 05월 27일 21시,48,16.1,133,970,35,126,350,3,중형,북서,14,130
2026년 05월 27일 21시,72,18.8,130.3,960,39,140,380,3,중형,북서,17,190
2026년 05월 27일 21시,96,22.1,129.1,950,43,155,410,3,중형,북북서,16,290
2026년 05월 27일 21시,120,25.4,128.7,955,40,144,400,3,중형,북,15,440
2026년 05월 28일 03시,0,11.5,136.5,998,19,68,300,1,중형,북,22,null
2026년 05월 28일 03시,12,13.1,135.8,990,24,86,330,1,중형,북북서,15,40
2026년 05월 28일 03시,24,14.3,134.9,985,27,97,350,2,중형,북북서,14,80
2026년 05월 28일 03시,36,15.4,133.6,975,32,115,380,2,중형,북서,15,110
2026년 05월 28일 03시,48,16.6,132.3,965,37,133,400,3,중형,북서,16,130
2026년 05월 28일 03시,72,19.5,129.8,955,40,144,420,3,중형,북서,17,190
2026년 05월 28일 03시,96,22.8,129.1,960,39,140,410,3,중형,북북서,15,290
2026년 05월 28일 03시,120,26.1,128.8,965,37,133,400,3,중형,북,15,440
2026년 05월 28일 09시,0,12.7,135.8,998,19,68,300,1,중형,북서,28,null
2026년 05월 28일 09시,12,13.7,135.4,990,24,86,330,1,중형,북북서,14,40
2026년 05월 28일 09시,24,14.9,134.3,980,29,104,350,2,중형,북서,14,80
2026년 05월 28일 09시,36,15.9,133,970,35,126,380,3,중형,북서,15,110
2026년 05월 28일 09시,48,17.2,131.7,960,39,140,410,3,중형,북서,17,130
2026년 05월 28일 09시,72,20.3,129.5,955,40,144,420,3,중형,북서,17,190
2026년 05월 28일 09시,96,23.2,128.4,960,39,140,410,3,중형,북북서,14,290
2026년 05월 28일 09시,120,26.6,128.4,965,37,133,400,3,중형,북,15,440
2026년 05월 28일 15시,0,13,135.7,998,19,68,300,1,중형,북북서,8,null
2026년 05월 28일 15시,12,14.3,134.9,990,24,86,330,1,중형,북북서,13,40
2026년 05월 28일 15시,24,15.4,133.7,980,29,104,350,2,중형,북서,15,80
2026년 05월 28일 15시,36,16.3,132.1,970,35,126,380,3,중형,서북서,17,110
2026년 05월 28일 15시,48,17.6,130,960,39,140,410,3,중형,서북서,23,130
2026년 05월 28일 15시,72,21.1,128.4,955,40,144,420,3,중형,북북서,18,190
2026년 05월 28일 15시,96,24.2,127.9,960,39,140,410,3,중형,북,14,290
2026년 05월 28일 15시,120,28.2,129.1,965,37,133,400,3,중형,북북동,19,440
2026년 05월 28일 21시,0,13.7,135.5,998,19,68,320,1,중형,북,22,null
2026년 05월 28일 21시,12,14.9,134.4,990,24,86,350,1,중형,북서,15,40
2026년 05월 28일 21시,24,15.8,133,980,29,104,370,2,중형,북서,15,80
2026년 05월 28일 21시,36,16.8,131.1,965,37,133,380,3,중형,서북서,19,110
2026년 05월 28일 21시,48,18.3,129.5,955,40,144,400,3,중형,북서,19,130
2026년 05월 28일 21시,72,21.5,128.1,950,43,155,400,3,중형,북북서,16,190
2026년 05월 28일 21시,96,25.2,127.2,960,39,140,390,3,중형,북북서,17,290
2026년 05월 28일 21시,120,30.3,130.5,975,32,115,380,2,중형,북북동,27,440
2026년 05월 29일 03시,0,14.5,134.8,996,20,72,340,1,중형,서북서,21,null
2026년 05월 29일 03시,12,15.4,133.8,990,24,86,360,1,중형,북서,16,40
2026년 05월 29일 03시,24,16.3,132.1,970,35,126,380,3,중형,서북서,17,80
2026년 05월 29일 03시,36,17.4,130.3,960,39,140,390,3,중형,북서,19,110
2026년 05월 29일 03시,48,19,129.1,950,43,155,400,3,중형,북서,18,130
2026년 05월 29일 03시,72,22.4,127.5,955,40,144,400,3,중형,북북서,17,190
2026년 05월 29일 03시,96,26.6,127.7,960,39,140,390,3,중형,북,19,290
2026년 05월 29일 03시,120,31.8,132.7,980,29,104,380,2,중형,북동,31,440
2026년 05월 29일 09시,0,15.2,134,994,21,76,350,1,중형,북서,23,null
2026년 05월 29일 09시,12,15.8,133,985,27,97,370,2,중형,서북서,11,40
2026년 05월 29일 09시,24,16.8,131.2,975,32,115,380,2,중형,서북서,19,80
2026년 05월 29일 09시,36,18.4,129.1,960,39,140,390,3,중형,북서,23,110
2026년 05월 29일 09시,48,20,128.1,955,40,144,400,3,중형,북북서,18,130
2026년 05월 29일 09시,72,23.2,127,950,43,155,400,3,중형,북북서,16,190
2026년 05월 29일 09시,96,28.1,128,965,37,133,370,3,중형,북,23,290
2026년 05월 29일 09시,120,32.5,133.6,980,29,104,360,2,중형,북동,30,440
2026년 05월 29일 15시,0,16.1,132.9,992,23,83,360,1,중형,북서,26,null
2026년 05월 29일 15시,12,16.2,132.2,985,27,97,370,2,중형,서북서,7,40
2026년 05월 29일 15시,24,17.6,130.1,975,32,115,380,2,중형,북서,22,80
2026년 05월 29일 15시,36,19.1,128.5,960,39,140,390,3,중형,북서,20,110
2026년 05월 29일 15시,48,20.7,127.8,955,40,144,400,3,중형,북북서,16,130
2026년 05월 29일 15시,72,24.3,127,950,43,155,400,3,중형,북,17,190
2026년 05월 29일 15시,96,29.3,129.2,965,37,133,360,3,중형,북북동,25,290
2026년 05월 29일 15시,120,33.3,135.6,980,29,104,350,2,중형,북동,31,440
2026년 05월 29일 21시,0,16.2,132,992,23,83,360,1,중형,서,17,null
2026년 05월 29일 21시,12,17.1,130.2,980,29,104,380,2,중형,서북서,18,40
2026년 05월 29일 21시,24,18.3,129.1,965,37,133,390,3,중형,북서,14,80
2026년 05월 29일 21시,36,20.1,128,960,39,140,400,3,중형,북북서,17,110
2026년 05월 29일 21시,48,21.8,127.4,955,40,144,400,3,중형,북북서,16,130
2026년 05월 29일 21시,72,25.6,127.2,960,39,140,390,3,중형,북,18,190
2026년 05월 29일 21시,96,30.7,131.2,965,37,133,370,3,중형,북동,29,290
2026년 05월 29일 21시,120,34.3,138.4,985,27,97,350,2,중형,동북동,33,440
2026년 05월 30일 03시,0,16.3,131.1,990,24,86,370,1,중형,서,11,null
2026년 05월 30일 03시,12,17.9,129.3,975,32,115,390,2,중형,북서,22,40
2026년 05월 30일 03시,24,19.5,128.3,970,35,126,400,3,중형,북북서,17,80
2026년 05월 30일 03시,36,20.8,127.6,960,39,140,420,3,중형,북북서,13,110
2026년 05월 30일 03시,48,22.8,127,960,39,140,420,3,중형,북북서,19,130
2026년 05월 30일 03시,72,26.8,127.3,965,37,133,400,3,중형,북,18,190
2026년 05월 30일 03시,96,31.8,132.7,975,32,115,370,2,중형,북동,32,290
2026년 05월 30일 03시,120,35.2,142,985,27,97,350,2,중형,동북동,39,440
2026년 05월 30일 09시,0,17.3,130.3,985,27,97,380,2,중형,북북서,29,null
2026년 05월 30일 09시,12,18.9,128.7,975,32,115,400,2,중형,북서,21,40
2026년 05월 30일 09시,24,20.5,127.9,970,35,126,410,3,중형,북북서,16,80
2026년 05월 30일 09시,36,21.8,127.4,960,39,140,420,3,중형,북북서,13,110
2026년 05월 30일 09시,48,24,127,960,39,140,420,3,중형,북,21,130
2026년 05월 30일 09시,72,28.4,128.6,970,35,126,390,3,중형,북북동,21,190
2026년 05월 30일 09시,96,32.7,134.9,975,32,115,370,2,중형,북동,32,290
2026년 05월 30일 09시,120,35.9,143.5,985,27,97,350,2,중형,동북동,36,440
2026년 05월 30일 15시,0,18.2,129.7,985,27,97,380,2,중형,북북서,21,null
2026년 05월 30일 15시,12,19.7,128.2,975,32,115,400,2,중형,북서,19,40
2026년 05월 30일 15시,24,21.6,127.4,970,35,126,410,3,중형,북북서,19,80
2026년 05월 30일 15시,36,23.3,127,960,39,140,420,3,중형,북북서,16,110
2026년 05월 30일 15시,48,25.1,127.2,965,37,133,400,3,중형,북,16,130
2026년 05월 30일 15시,72,29.6,130,970,35,126,380,3,중형,북북동,24,190
2026년 05월 30일 15시,96,33.7,137.4,975,32,115,370,2,중형,북동,35,290
2026년 05월 30일 15시,120,36.8,145.9,985,27,97,350,2,중형,동북동,35,440
2026년 05월 30일 21시,0,19.1,129,980,29,104,400,2,중형,서북서,20,null
2026년 05월 30일 21시,12,20.6,127.7,970,35,126,410,3,중형,북서,18,40
2026년 05월 30일 21시,24,22.5,127.1,965,37,133,420,3,중형,북북서,18,80
2026년 05월 30일 21시,36,24,126.9,960,39,140,410,3,중형,북,15,110
2026년 05월 30일 21시,48,26.5,127.8,965,37,133,400,3,중형,북북동,25,130
2026년 05월 30일 21시,72,31.2,132.3,970,35,126,380,3,중형,북동,28,190
2026년 05월 30일 21시,96,34.6,139.7,975,32,115,370,2,중형,동북동,37,290
2026년 05월 30일 21시,120,37,148.8,985,27,97,0,L,-,동북동,36,440
2026년 05월 31일 03시,0,19.9,128.5,980,29,104,400,2,중형,북북서,11,null
2026년 05월 31일 03시,12,21.6,127.3,970,35,126,420,3,중형,북북서,18,40
2026년 05월 31일 03시,24,23.2,126.9,960,39,140,420,3,중형,북북서,16,80
2026년 05월 31일 03시,36,25.1,127.1,960,39,140,410,3,중형,북,17,110
2026년 05월 31일 03시,48,27.7,128.4,965,37,133,400,3,중형,북북동,26,130
2026년 05월 31일 03시,72,32.5,134.2,970,35,126,380,3,중형,북동,32,190
2026년 05월 31일 03시,96,35.3,142.1,975,32,115,360,2,중형,동북동,33,290
2026년 05월 31일 03시,120,37.4,150.2,985,27,97,0,L,-,동북동,32,440
2026년 05월 31일 09시,0,20.9,128.2,980,29,104,400,2,중형,북북서,16,null
2026년 05월 31일 09시,12,22.6,127.4,975,32,115,410,2,중형,북북서,17,40
2026년 05월 31일 09시,24,24.4,127,970,35,126,420,3,중형,북북서,17,80
2026년 05월 31일 09시,36,26.6,127.6,970,35,126,420,3,중형,북북동,22,110
2026년 05월 31일 09시,48,29.3,129.6,975,32,115,410,2,중형,북북동,29,130
2026년 05월 31일 09시,72,33.9,137.2,980,29,104,390,2,중형,북동,37,190
2026년 05월 31일 09시,96,36,144.3,980,29,104,390,2,중형,동북동,29,290
2026년 05월 31일 09시,120,37.6,151.4,985,27,97,0,L,-,동북동,27,440
2026년 05월 31일 15시,0,22,127.9,980,29,104,400,2,중형,북북서,15,null
2026년 05월 31일 15시,12,23.5,127.3,970,35,126,420,3,중형,북북서,15,40
2026년 05월 31일 15시,24,25.7,127.4,970,35,126,420,3,중형,북,20,80
2026년 05월 31일 15시,36,28.1,128.7,975,32,115,420,2,중형,북북동,25,110
2026년 05월 31일 15시,48,30.6,131.1,975,32,115,410,2,중형,북동,30,130
2026년 05월 31일 15시,72,34.8,139.6,980,29,104,390,2,중형,동북동,38,190
2026년 05월 31일 15시,96,36.8,146.9,980,27,97,0,L,-,동북동,29,290
2026년 05월 31일 21시,0,22.6,127.7,975,32,115,410,2,중형,북북서,11,null
2026년 05월 31일 21시,12,24.5,127.2,970,35,126,420,3,중형,북북서,18,40
2026년 05월 31일 21시,24,26.7,127.7,970,35,126,420,3,중형,북북동,21,80
2026년 05월 31일 21시,36,29.5,129.8,975,32,115,400,2,중형,북북동,31,110
2026년 05월 31일 21시,48,31.7,132.9,980,29,104,390,2,중형,북동,32,130
2026년 05월 31일 21시,72,35.7,142.2,980,29,104,390,2,중형,동북동,40,190
2026년 05월 31일 21시,96,37.1,148.2,985,27,97,0,L,-,동북동,23,290
2026년 06월 01일 03시,0,23.4,127.5,975,32,115,410,2,중형,북북서,15,null
2026년 06월 01일 03시,12,25.5,127.3,970,35,126,420,3,중형,북,20,40
2026년 06월 01일 03시,24,27.9,128.4,970,35,126,420,3,중형,북북동,24,80
2026년 06월 01일 03시,36,30.4,130.7,975,32,115,390,2,중형,북동,30,110
2026년 06월 01일 03시,48,33,135.1,975,32,115,390,2,중형,북동,42,130
2026년 06월 01일 03시,72,36.4,144.1,985,27,97,370,2,중형,동북동,38,190
2026년 06월 01일 03시,96,36.9,149.1,985,27,97,0,L,-,동,19,290
2026년 06월 01일 09시,0,24.5,127.1,975,32,115,400,2,중형,북,18,null
2026년 06월 01일 09시,12,26.7,127.7,970,35,126,410,3,중형,북북동,21,40
2026년 06월 01일 09시,24,29.1,129.3,975,32,115,390,2,중형,북북동,26,80
2026년 06월 01일 09시,36,31.6,132.5,980,29,104,380,2,중형,북동,34,110
2026년 06월 01일 09시,48,34,137.4,980,29,104,380,2,중형,동북동,45,130
2026년 06월 01일 09시,72,37.2,146.7,985,27,97,0,L,-,동북동,38,190
2026년 06월 01일 15시,0,25.5,127.3,970,35,126,400,3,중형,북북동,15,null
2026년 06월 01일 15시,12,28,128.3,970,35,126,400,3,중형,북북동,25,40
2026년 06월 01일 15시,24,30.9,131,975,32,115,390,2,중형,북동,35,80
2026년 06월 01일 15시,36,33.1,135.1,980,29,104,380,2,중형,북동,38,110
2026년 06월 01일 15시,48,35.4,140.5,980,29,104,380,2,중형,동북동,46,130
2026년 06월 01일 15시,72,36.9,147,985,27,97,0,L,-,동북동,25,190
2026년 06월 01일 21시,0,26.6,127.6,975,32,115,380,2,중형,북북동,16,null
2026년 06월 01일 21시,12,29.4,129.4,975,32,115,380,2,중형,북북동,30,40
2026년 06월 01일 21시,24,32,132.9,975,32,115,380,2,중형,북동,37,80
2026년 06월 01일 21시,36,34.3,137.7,980,29,104,360,2,중형,동북동,43,110
2026년 06월 01일 21시,48,36.1,142.2,980,29,104,360,2,중형,동북동,39,130
2026년 06월 01일 21시,72,37.1,148,995,21,76,0,L,-,동북동,22,190
2026년 06월 02일 03시,0,27.8,128.3,975,32,115,390,2,중형,북동,27,null
2026년 06월 02일 03시,12,30.5,131,975,32,115,390,2,중형,북동,33,40
2026년 06월 02일 03시,24,33.1,135,975,32,115,390,2,중형,북동,39,80
2026년 06월 02일 03시,36,35.2,140.2,980,29,104,370,2,중형,동북동,44,110
2026년 06월 02일 03시,48,36.5,144.4,980,29,104,370,2,중형,동북동,34,130
2026년 06월 02일 03시,72,36.6,149.4,985,27,97,0,L,-,동,19,190
2026년 06월 02일 09시,0,29.2,129.2,975,32,115,380,2,중형,북북동,30,null
2026년 06월 02일 09시,12,32,133.1,975,32,115,380,2,중형,북동,39,40
2026년 06월 02일 09시,24,34.3,137.8,975,32,115,370,2,중형,동북동,43,80
2026년 06월 02일 09시,36,36.2,143.5,980,29,104,360,2,중형,동북동,46,110
2026년 06월 02일 09시,48,36.6,146.2,980,29,104,0,L,-,동,21,130
2026년 06월 02일 15시,0,30.7,130.7,980,24,86,350,1,중형,북동,36,null
2026년 06월 02일 15시,12,33.4,135.4,980,24,86,350,1,중형,북동,44,40
2026년 06월 02일 15시,24,35.2,141,985,23,83,330,1,중형,동북동,46,80
2026년 06월 02일 15시,36,36.3,144.9,985,23,83,330,1,중형,동북동,31,110
2026년 06월 02일 15시,48,36.6,146.9,985,22,79,0,L,-,동북동,15,130
2026년 06월 02일 21시,0,32.2,133,980,24,86,350,1,중형,북동,50,null
2026년 06월 02일 21시,12,34.3,138,980,24,86,340,1,중형,동북동,43,40
2026년 06월 02일 21시,24,36.1,143.4,985,23,83,330,1,중형,동북동,44,80
2026년 06월 02일 21시,36,36.2,145.6,985,23,83,0,L,-,동,17,110
2026년 06월 03일 03시,0,33.3,135,980,24,86,340,1,중형,동북동,36,null
2026년 06월 03일 03시,12,35.1,141,980,24,86,330,1,중형,동북동,49,40
2026년 06월 03일 03시,24,36.3,144.8,985,23,83,320,1,중형,동북동,31,80
2026년 06월 03일 03시,36,36.1,147,985,23,83,0,L,-,동,17,110
2026년 06월 03일 09시,0,34.2,137.4,980,24,86,340,1,중형,동북동,34,null
2026년 06월 03일 09시,12,36.2,143.2,980,24,86,340,1,중형,동북동,47,40
2026년 06월 03일 09시,24,36.5,145.7,985,23,83,0,L,-,동,19,80
2026년 06월 03일 15시,0,34.9,141.1,985,23,83,330,1,중형,동북동,55,null
2026년 06월 03일 15시,12,36.6,144.9,985,23,83,330,1,중형,동북동,33,40
2026년 06월 03일 15시,24,36.8,147.1,990,21,76,0,L,-,동,16,80
2026년 06월 03일 21시,0,36.2,144.1,985,23,83,0,L,-,북동,40,null
