지점,지점명,일시,일 미세먼지 농도(㎍/㎥)
108,서울,2025-01-01,45
108,서울,2025-01-02,33
108,서울,2025-01-03,24
108,서울,2025-01-04,31
108,서울,2025-01-05,28
108,서울,2025-01-06,49
108,서울,2025-01-07,29
108,서울,2025-01-08,29
108,서울,2025-01-09,37
108,서울,2025-01-10,26
108,서울,2025-01-11,28
108,서울,2025-01-12,33
108,서울,2025-01-13,49
108,서울,2025-01-14,49
108,서울,2025-01-15,35
108,서울,2025-01-16,36
108,서울,2025-01-17,51
108,서울,2025-01-18,43
108,서울,2025-01-19,37
108,서울,2025-01-20,82
108,서울,2025-01-21,111
108,서울,2025-01-22,72
108,서울,2025-01-23,43
108,서울,2025-01-24,43
108,서울,2025-01-25,17
108,서울,2025-01-26,11
108,서울,2025-01-27,58
108,서울,2025-01-28,46
108,서울,2025-01-29,32
108,서울,2025-01-30,22
108,서울,2025-01-31,31
108,서울,2025-02-01,43
108,서울,2025-02-02,41
108,서울,2025-02-03,34
108,서울,2025-02-04,22
108,서울,2025-02-05,20
108,서울,2025-02-06,24
108,서울,2025-02-07,49
108,서울,2025-02-08,29
108,서울,2025-02-09,27
108,서울,2025-02-10,25
108,서울,2025-02-11,38
108,서울,2025-02-12,31
108,서울,2025-02-13,30
108,서울,2025-02-14,68
108,서울,2025-02-15,53
108,서울,2025-02-16,55
108,서울,2025-02-17,37
108,서울,2025-02-18,27
108,서울,2025-02-19,26
108,서울,2025-02-20,28
108,서울,2025-02-21,31
108,서울,2025-02-22,31
108,서울,2025-02-23,34
108,서울,2025-02-24,32
108,서울,2025-02-25,28
108,서울,2025-02-26,57
108,서울,2025-02-27,40
108,서울,2025-02-28,44
108,서울,2025-03-01,46
108,서울,2025-03-04,12
108,서울,2025-03-06,44
108,서울,2025-03-07,61
108,서울,2025-03-08,48
108,서울,2025-03-09,44
108,서울,2025-03-10,54
108,서울,2025-03-11,42
108,서울,2025-03-12,34
108,서울,2025-03-13,81
108,서울,2025-03-14,61
108,서울,2025-03-15,37
108,서울,2025-03-16,32
108,서울,2025-03-17,38
108,서울,2025-03-18,27
108,서울,2025-03-19,45
108,서울,2025-03-20,56
108,서울,2025-03-21,71
108,서울,2025-03-22,66
108,서울,2025-03-23,75
108,서울,2025-03-24,85
108,서울,2025-03-25,150
108,서울,2025-03-26,124
108,서울,2025-03-27,57
108,서울,2025-03-28,38
108,서울,2025-03-29,22
108,서울,2025-03-30,25
108,서울,2025-03-31,34
108,서울,2025-04-01,52
108,서울,2025-04-02,41
108,서울,2025-04-03,32
108,서울,2025-04-04,34
108,서울,2025-04-05,18
108,서울,2025-04-06,28
108,서울,2025-04-07,49
108,서울,2025-04-08,64
108,서울,2025-04-09,47
108,서울,2025-04-10,42
108,서울,2025-04-11,50
108,서울,2025-04-12,39
108,서울,2025-04-13,54
108,서울,2025-04-14,16
108,서울,2025-04-15,24
108,서울,2025-04-16,37
108,서울,2025-04-17,61
108,서울,2025-04-18,63
108,서울,2025-04-19,36
108,서울,2025-04-20,20
108,서울,2025-04-21,25
108,서울,2025-04-22,17
108,서울,2025-04-24,47
108,서울,2025-04-25,59
108,서울,2025-04-26,37
108,서울,2025-04-27,27
108,서울,2025-04-28,39
108,서울,2025-04-29,42
108,서울,2025-04-30,44
108,서울,2025-05-01,32
108,서울,2025-05-02,26
108,서울,2025-05-03,17
108,서울,2025-05-04,39
108,서울,2025-05-05,26
108,서울,2025-05-06,21
108,서울,2025-05-07,32
108,서울,2025-05-08,56
108,서울,2025-05-09,54
108,서울,2025-05-10,21
108,서울,2025-05-11,48
108,서울,2025-05-12,41
108,서울,2025-05-13,43
108,서울,2025-05-14,39
108,서울,2025-05-15,28
108,서울,2025-05-17,17
108,서울,2025-05-18,34
108,서울,2025-05-19,35
108,서울,2025-05-20,18
108,서울,2025-05-21,19
108,서울,2025-05-22,23
108,서울,2025-05-23,29
108,서울,2025-05-24,20
108,서울,2025-05-25,20
108,서울,2025-05-26,41
108,서울,2025-05-27,47
108,서울,2025-05-28,43
108,서울,2025-05-29,38
108,서울,2025-05-30,42
108,서울,2025-05-31,41
108,서울,2025-06-01,48
108,서울,2025-06-02,52
108,서울,2025-06-03,41
108,서울,2025-06-04,29
108,서울,2025-06-05,26
108,서울,2025-06-06,32
108,서울,2025-06-07,41
108,서울,2025-06-08,26
108,서울,2025-06-09,31
108,서울,2025-06-10,18
108,서울,2025-06-11,26
108,서울,2025-06-12,34
108,서울,2025-06-13,41
108,서울,2025-06-14,25
108,서울,2025-06-15,26
108,서울,2025-06-16,32
108,서울,2025-06-17,43
108,서울,2025-06-18,42
108,서울,2025-06-19,35
108,서울,2025-06-20,9
108,서울,2025-06-21,21
108,서울,2025-06-22,29
108,서울,2025-06-23,33
108,서울,2025-06-24,23
108,서울,2025-06-25,11
108,서울,2025-06-26,18
108,서울,2025-06-27,29
108,서울,2025-06-28,33
108,서울,2025-06-29,19
108,서울,2025-06-30,12
108,서울,2025-07-01,12
108,서울,2025-07-02,13
108,서울,2025-07-03,23
108,서울,2025-07-04,23
108,서울,2025-07-05,22
108,서울,2025-07-06,27
108,서울,2025-07-07,47
108,서울,2025-07-08,45
108,서울,2025-07-09,22
108,서울,2025-07-10,21
108,서울,2025-07-11,12
108,서울,2025-07-12,16
108,서울,2025-07-13,31
108,서울,2025-07-14,24
108,서울,2025-07-15,12
108,서울,2025-07-16,22
108,서울,2025-07-18,13
108,서울,2025-07-20,17
108,서울,2025-07-21,19
108,서울,2025-07-22,17
108,서울,2025-07-23,19
108,서울,2025-07-24,27
108,서울,2025-07-25,33
108,서울,2025-07-26,25
108,서울,2025-07-27,25
108,서울,2025-07-28,40
108,서울,2025-07-29,40
108,서울,2025-07-30,33
108,서울,2025-07-31,30
108,서울,2025-08-01,40
108,서울,2025-08-02,31
108,서울,2025-08-03,30
108,서울,2025-08-04,20
108,서울,2025-08-05,19
108,서울,2025-08-06,24
108,서울,2025-08-07,17
108,서울,2025-08-08,29
108,서울,2025-08-09,29
108,서울,2025-08-10,24
108,서울,2025-08-11,27
108,서울,2025-08-12,22
108,서울,2025-08-13,14
108,서울,2025-08-14,14
108,서울,2025-08-15,24
108,서울,2025-08-16,15
108,서울,2025-08-17,16
108,서울,2025-08-18,26
108,서울,2025-08-19,12
108,서울,2025-08-20,16
108,서울,2025-08-21,18
108,서울,2025-08-22,17
108,서울,2025-08-23,17
108,서울,2025-08-24,22
108,서울,2025-08-27,21
108,서울,2025-08-28,26
108,서울,2025-08-29,22
108,서울,2025-08-30,15
108,서울,2025-08-31,24
108,서울,2025-09-02,19
108,서울,2025-09-03,23
108,서울,2025-09-04,14
108,서울,2025-09-05,20
108,서울,2025-09-06,21
108,서울,2025-09-07,15
108,서울,2025-09-08,28
108,서울,2025-09-09,34
108,서울,2025-09-10,26
108,서울,2025-09-11,22
108,서울,2025-09-12,17
108,서울,2025-09-14,13
108,서울,2025-09-15,20
108,서울,2025-09-16,26
108,서울,2025-09-18,12
108,서울,2025-09-22,12
108,서울,2025-09-23,14
108,서울,2025-09-24,15
108,서울,2025-09-25,17
108,서울,2025-09-26,32
108,서울,2025-09-27,28
108,서울,2025-09-28,20
108,서울,2025-09-29,32
108,서울,2025-09-30,38
108,서울,2025-10-01,37
108,서울,2025-10-02,30
108,서울,2025-10-03,26
108,서울,2025-10-04,12
108,서울,2025-10-05,11
108,서울,2025-10-08,13
108,서울,2025-10-09,14
108,서울,2025-10-12,8
108,서울,2025-10-15,11
108,서울,2025-10-17,15
108,서울,2025-10-18,14
108,서울,2025-10-19,18
108,서울,2025-10-20,24
108,서울,2025-10-21,28
108,서울,2025-10-22,18
108,서울,2025-10-23,12
108,서울,2025-10-24,13
108,서울,2025-10-25,23
108,서울,2025-10-26,40
108,서울,2025-10-27,28
108,서울,2025-10-28,25
108,서울,2025-10-29,29
108,서울,2025-10-30,38
108,서울,2025-10-31,37
108,서울,2025-11-01,23
108,서울,2025-11-02,30
108,서울,2025-11-03,25
108,서울,2025-11-04,31
108,서울,2025-11-05,35
108,서울,2025-11-06,57
108,서울,2025-11-07,49
108,서울,2025-11-08,26
108,서울,2025-11-09,43
108,서울,2025-11-10,22
108,서울,2025-11-11,28
108,서울,2025-11-12,35
108,서울,2025-11-13,49
108,서울,2025-11-14,34
108,서울,2025-11-15,38
108,서울,2025-11-16,39
108,서울,2025-11-17,40
108,서울,2025-11-18,32
108,서울,2025-11-19,36
108,서울,2025-11-20,45
108,서울,2025-11-21,28
108,서울,2025-11-23,46
108,서울,2025-11-24,65
108,서울,2025-11-25,75
108,서울,2025-11-26,49
108,서울,2025-11-27,33
108,서울,2025-11-28,23
108,서울,2025-11-29,29
108,서울,2025-11-30,91
108,서울,2025-12-01,43
108,서울,2025-12-02,17
108,서울,2025-12-03,19
108,서울,2025-12-04,28
108,서울,2025-12-05,27
108,서울,2025-12-06,28
108,서울,2025-12-07,77
108,서울,2025-12-08,36
108,서울,2025-12-09,26
108,서울,2025-12-10,39
108,서울,2025-12-11,31
108,서울,2025-12-12,20
108,서울,2025-12-13,10
108,서울,2025-12-14,25
108,서울,2025-12-15,29
108,서울,2025-12-16,33
108,서울,2025-12-17,61
108,서울,2025-12-18,27
108,서울,2025-12-19,31
108,서울,2025-12-20,42
108,서울,2025-12-21,24
108,서울,2025-12-22,29
108,서울,2025-12-23,19
108,서울,2025-12-24,23
108,서울,2025-12-25,24
108,서울,2025-12-26,19
108,서울,2025-12-27,30
108,서울,2025-12-28,41
108,서울,2025-12-29,55
108,서울,2025-12-30,18
108,서울,2025-12-31,18
